,ID,Score
0,5,90.00000000000001
1,13,90.00000000000001
2,24,90.00000000000001
3,30,90.00000000000001
4,59,90.00000000000001
5,74,90.00000000000001
6,90,90.00000000000001
7,1,90.0
8,2,90.0
9,3,90.0
10,8,90.0
11,9,90.0
12,10,90.0
13,11,90.0
14,20,90.0
15,22,90.0
16,28,90.0
17,29,90.0
18,31,90.0
19,34,90.0
