,ID,Score
0,28,90.00000000000001
1,35,90.00000000000001
2,78,90.00000000000001
3,5,90.0
4,8,90.0
5,10,90.0
6,11,90.0
7,13,90.0
8,19,90.0
9,20,90.0
10,24,90.0
11,27,90.0
12,30,90.0
13,32,90.0
14,34,90.0
15,39,90.0
16,48,90.0
17,51,90.0
18,54,90.0
19,59,90.0
